timestamp,entry_id,temperature,humidity,co2,light,occupancy,confidence,recommendation,model
2026-09-20T15:51:49.846766,,31.87,59.47,455.0,41.0,Unoccupied,86.24,Energy-saving mode recommended,Voting Ensemble
2026-09-20T15:58:19.881330,,31.9,59.71,469.0,34.0,Unoccupied,86.24,Energy-saving mode recommended,Voting Ensemble
2026-09-20T17:03:09.776063,,31.44,64.65,486.0,0.0,Unoccupied,91.24,Energy-saving mode recommended,Voting Ensemble
2026-09-20T17:03:39.883387,,31.48,64.66001,484.0,0.0,Unoccupied,91.24,Energy-saving mode recommended,Voting Ensemble
2026-09-20T17:04:39.462471,,31.45,64.72,497.0,0.0,Unoccupied,91.24,Energy-saving mode recommended,Voting Ensemble
2026-09-20T17:05:33.959805,,31.49,64.94,494.0,2.0,Unoccupied,91.24,Energy-saving mode recommended,Voting Ensemble
2026-09-20T17:06:40.656864,,31.49,64.97,503.0,2.0,Unoccupied,91.24,Energy-saving mode recommended,Voting Ensemble
2026-09-20T17:07:53.982061,,31.44,64.95,510.0,0.0,Unoccupied,91.24,Energy-saving mode recommended,Voting Ensemble
2026-09-20T17:08:54.042552,,31.46,64.79,510.0,0.0,Unoccupied,91.24,Energy-saving mode recommended,Voting Ensemble
2026-09-20T17:09:54.237670,,31.56,65.15,511.0,2.0,Unoccupied,91.24,Energy-saving mode recommended,Voting Ensemble
2026-09-20T17:10:54.161975,,31.5,65.93,498.0,0.0,Unoccupied,91.24,Energy-saving mode recommended,Voting Ensemble
2026-09-20T17:11:54.118092,,31.46,65.89,499.0,2.0,Unoccupied,91.24,Energy-saving mode recommended,Voting Ensemble
2026-09-20T17:13:09.312326,,31.37,65.84,503.0,2.0,Unoccupied,91.24,Energy-saving mode recommended,Voting Ensemble
2026-09-20T17:14:09.236236,,31.46,65.65,499.0,2.0,Unoccupied,91.24,Energy-saving mode recommended,Voting Ensemble
2026-09-20T17:15:10.090145,,31.35,65.62,498.0,2.0,Unoccupied,91.24,Energy-saving mode recommended,Voting Ensemble
2026-09-20T17:16:09.630507,,31.34,66.03,512.0,2.0,Unoccupied,91.24,Energy-saving mode recommended,Voting Ensemble
2026-09-20T17:17:27.647307,,31.45,66.32,497.0,0.0,Unoccupied,91.24,Energy-saving mode recommended,Voting Ensemble
2026-09-20T17:18:27.603346,,31.32,66.21,491.0,0.0,Unoccupied,91.24,Energy-saving mode recommended,Voting Ensemble
2026-09-20T17:19:28.037493,,31.35,66.18,492.0,0.0,Unoccupied,91.24,Energy-saving mode recommended,Voting Ensemble
2026-09-20T17:20:24.418901,,31.4,66.08,497.0,2.0,Unoccupied,91.24,Energy-saving mode recommended,Voting Ensemble
2026-09-20T17:21:28.844689,,31.3,66.23001,506.0,0.0,Unoccupied,91.24,Energy-saving mode recommended,Voting Ensemble
2026-09-20T17:22:28.217437,,31.4,66.38,500.0,0.0,Unoccupied,91.24,Energy-saving mode recommended,Voting Ensemble
2026-09-20T17:23:39.630232,,31.42,66.2,515.0,2.0,Unoccupied,91.24,Energy-saving mode recommended,Voting Ensemble
2026-09-20T17:24:40.194237,,31.32,66.46,509.0,0.0,Unoccupied,91.24,Energy-saving mode recommended,Voting Ensemble
2026-09-20T17:25:39.824405,,31.42,66.55,504.0,2.0,Unoccupied,91.24,Energy-saving mode recommended,Voting Ensemble
2026-09-20T17:26:40.955804,,31.34,66.65,500.0,2.0,Unoccupied,91.24,Energy-saving mode recommended,Voting Ensemble
2026-09-20T17:27:53.730941,,31.27,66.61,500.0,0.0,Unoccupied,91.24,Energy-saving mode recommended,Voting Ensemble
2026-09-20T17:28:53.880030,,31.34,66.89,507.0,0.0,Unoccupied,91.24,Energy-saving mode recommended,Voting Ensemble
2026-09-20T17:29:54.080747,,31.37,66.99,512.0,0.0,Unoccupied,91.24,Energy-saving mode recommended,Voting Ensemble
2026-09-20T17:30:53.814735,,31.27,67.08,507.0,2.0,Unoccupied,91.24,Energy-saving mode recommended,Voting Ensemble
2026-09-20T17:32:27.667015,,31.13,67.43,499.0,2.0,Unoccupied,91.24,Energy-saving mode recommended,Voting Ensemble
2026-09-20T17:33:51.695004,,31.12,67.63,504.0,2.0,Unoccupied,91.24,Energy-saving mode recommended,Voting Ensemble
2026-09-20T17:34:51.850050,,31.1,67.59,493.0,0.0,Unoccupied,91.24,Energy-saving mode recommended,Voting Ensemble
2026-09-20T17:35:51.548024,,31.17,67.73,495.0,0.0,Unoccupied,91.24,Energy-saving mode recommended,Voting Ensemble
2026-09-20T17:36:51.405774,,31.04,68.15,477.0,2.0,Unoccupied,91.24,Energy-saving mode recommended,Voting Ensemble
2026-09-20T17:37:51.532790,,31.01,67.96,483.0,2.0,Unoccupied,91.24,Energy-saving mode recommended,Voting Ensemble
2026-09-20T17:38:51.900217,,31.07,68.12,468.0,2.0,Unoccupied,91.24,Energy-saving mode recommended,Voting Ensemble
2026-09-20T17:39:51.475806,,30.92,68.1,456.0,2.0,Unoccupied,92.49,Energy-saving mode recommended,Voting Ensemble
2026-09-20T17:40:50.640151,,30.92,68.19,465.0,2.0,Unoccupied,92.49,Energy-saving mode recommended,Voting Ensemble
2026-09-20T18:18:30.468442,,19.96,33.37,416.52,59.85,Unoccupied,99.84,Energy-saving mode recommended,Voting Ensemble
2026-09-20T18:28:35.654433,,30.68,69.79,472.0,2.0,Unoccupied,92.49,Energy-saving mode recommended,Voting Ensemble
2026-09-20T18:29:35.348831,,30.64,70.05001,469.0,2.0,Unoccupied,92.49,Energy-saving mode recommended,Voting Ensemble
2026-09-20T18:30:22.455397,,30.66,70.17,486.0,2.0,Unoccupied,92.49,Energy-saving mode recommended,Voting Ensemble
2026-09-20T18:31:21.278537,,30.71,70.05001,488.0,2.0,Unoccupied,92.49,Energy-saving mode recommended,Voting Ensemble
2026-09-20T18:32:17.860234,,30.82,70.03,487.0,2.0,Unoccupied,92.49,Energy-saving mode recommended,Voting Ensemble
2026-09-20T18:33:33.253232,,30.75,70.24,476.0,2.0,Unoccupied,92.49,Energy-saving mode recommended,Voting Ensemble
2026-09-20T18:34:28.126809,,30.66,70.44,446.0,2.0,Unoccupied,92.49,Energy-saving mode recommended,Voting Ensemble
2026-09-20T18:35:26.624508,,30.47,70.54,463.0,2.0,Unoccupied,92.49,Energy-saving mode recommended,Voting Ensemble
2026-09-20T18:37:04.828455,,30.54,70.74,464.0,0.0,Unoccupied,92.49,Energy-saving mode recommended,Voting Ensemble
2026-09-20T18:37:34.975529,,30.52,70.59,455.0,2.0,Unoccupied,92.49,Energy-saving mode recommended,Voting Ensemble
2026-09-20T18:38:50.878338,,30.57,70.48,471.0,2.0,Unoccupied,92.49,Energy-saving mode recommended,Voting Ensemble
2026-09-20T18:39:49.507159,,30.55,70.37,477.0,2.0,Unoccupied,92.49,Energy-saving mode recommended,Voting Ensemble
2026-09-20T18:40:49.412851,,30.57,70.46,466.0,2.0,Unoccupied,92.49,Energy-saving mode recommended,Voting Ensemble
2026-09-20T18:41:49.385983,,30.57,70.6,468.0,2.0,Unoccupied,92.49,Energy-saving mode recommended,Voting Ensemble
2026-09-20T18:43:00.923837,,30.55,70.71,473.0,2.0,Unoccupied,92.49,Energy-saving mode recommended,Voting Ensemble
2026-09-20T18:44:01.189653,,30.65,71.0,480.0,2.0,Unoccupied,92.49,Energy-saving mode recommended,Voting Ensemble
2026-09-20T18:45:18.352984,,30.45,70.93,465.0,2.0,Unoccupied,93.74,Energy-saving mode recommended,Voting Ensemble
2026-09-20T18:46:16.317507,,30.54,70.75,468.0,0.0,Unoccupied,92.49,Energy-saving mode recommended,Voting Ensemble
2026-09-20T18:47:19.327184,,30.59,70.98001,485.0,2.0,Unoccupied,92.49,Energy-saving mode recommended,Voting Ensemble
2026-09-20T18:48:27.230872,,30.62,70.72,495.0,0.0,Unoccupied,92.49,Energy-saving mode recommended,Voting Ensemble
2026-09-20T18:49:26.798720,,30.52,70.77,479.0,2.0,Unoccupied,92.49,Energy-saving mode recommended,Voting Ensemble
2026-09-20T18:50:26.942599,,30.54,70.92,457.0,2.0,Unoccupied,92.49,Energy-saving mode recommended,Voting Ensemble
2026-09-21T14:02:04.108398,,28.23,78.08,534.0,15.0,Unoccupied,98.74,Energy-saving mode recommended,Voting Ensemble
2026-09-21T14:02:48.351021,,28.23,77.89,524.0,15.0,Unoccupied,98.74,Energy-saving mode recommended,Voting Ensemble
2026-09-21T14:03:48.199665,,28.26,77.55001,512.0,15.0,Unoccupied,98.74,Energy-saving mode recommended,Voting Ensemble
2026-09-21T14:04:48.848847,,28.26,77.67,509.0,14.0,Unoccupied,98.74,Energy-saving mode recommended,Voting Ensemble
2026-09-21T14:05:49.179939,,28.23,78.74,532.0,14.0,Unoccupied,98.74,Energy-saving mode recommended,Voting Ensemble
2026-09-21T14:07:26.880546,,28.19,78.58,511.0,14.0,Unoccupied,98.74,Energy-saving mode recommended,Voting Ensemble
2026-09-21T14:08:26.916144,,28.16,78.48001,517.0,14.0,Unoccupied,98.74,Energy-saving mode recommended,Voting Ensemble
2026-09-21T14:10:41.915108,,28.22,78.77,510.0,13.0,Unoccupied,98.74,Energy-saving mode recommended,Voting Ensemble
2026-09-21T14:11:27.647704,,28.29,79.35,533.0,13.0,Unoccupied,98.74,Energy-saving mode recommended,Voting Ensemble
2026-09-21T14:12:11.078168,,28.19,79.83,558.0,12.0,Unoccupied,98.74,Energy-saving mode recommended,Voting Ensemble
2026-09-21T14:13:30.714269,,28.23,79.75,561.0,12.0,Unoccupied,98.74,Energy-saving mode recommended,Voting Ensemble
2026-09-21T14:14:20.187601,,28.23,79.36,576.0,12.0,Unoccupied,98.74,Energy-saving mode recommended,Voting Ensemble
2026-09-21T14:16:33.252557,,28.13,79.84,500.0,12.0,Unoccupied,98.74,Energy-saving mode recommended,Voting Ensemble
2026-09-21T14:19:30.891619,,28.2,79.43,467.0,13.0,Unoccupied,98.74,Energy-saving mode recommended,Voting Ensemble
2026-09-21T14:54:42.475802,,27.88,81.26,741.0,12.0,Unoccupied,98.74,Energy-saving mode recommended,Voting Ensemble
2026-09-28T14:41:41.692007,,30.38,71.64,644.0,44.0,Unoccupied,93.74,Energy-saving mode recommended,Voting Ensemble
2026-09-28T14:42:40.673673,,30.4,71.63,666.0,43.0,Unoccupied,94.99,Energy-saving mode recommended,Voting Ensemble
2026-09-28T14:43:55.668205,,30.37,71.69,639.0,42.0,Unoccupied,93.74,Energy-saving mode recommended,Voting Ensemble
2026-09-28T14:44:55.845413,,30.26,69.63,635.0,40.0,Unoccupied,93.74,Energy-saving mode recommended,Voting Ensemble
2026-09-28T14:46:11.412069,,30.22,72.42,649.0,39.0,Unoccupied,97.49,Energy-saving mode recommended,Voting Ensemble
2026-09-28T14:47:11.367665,,30.27,72.15,648.0,37.0,Unoccupied,97.49,Energy-saving mode recommended,Voting Ensemble
2026-09-28T14:48:11.395831,,30.22,70.29,640.0,35.0,Unoccupied,93.74,Energy-saving mode recommended,Voting Ensemble
2026-09-28T14:49:26.176549,,30.2,71.76,644.0,34.0,Unoccupied,97.49,Energy-saving mode recommended,Voting Ensemble
2026-09-28T14:50:26.169760,,30.24,72.45,635.0,32.0,Unoccupied,97.49,Energy-saving mode recommended,Voting Ensemble
2026-09-28T14:51:56.495597,,30.22,71.64,629.0,31.0,Unoccupied,94.99,Energy-saving mode recommended,Voting Ensemble
2026-09-28T14:52:58.399603,,30.3,72.45,636.0,30.0,Unoccupied,97.49,Energy-saving mode recommended,Voting Ensemble
2026-09-28T14:53:58.407881,,30.3,72.08,592.0,30.0,Unoccupied,93.74,Energy-saving mode recommended,Voting Ensemble
2026-09-28T14:54:59.314690,,30.23,72.42,594.0,31.0,Unoccupied,93.74,Energy-saving mode recommended,Voting Ensemble
2026-09-28T14:55:57.480899,,30.22,72.76,606.0,33.0,Unoccupied,97.49,Energy-saving mode recommended,Voting Ensemble
2026-09-28T14:56:57.756340,,30.13,72.53,625.0,35.0,Unoccupied,97.49,Energy-saving mode recommended,Voting Ensemble
2026-09-28T14:58:03.812253,,30.33,72.32,619.0,38.0,Unoccupied,93.74,Energy-saving mode recommended,Voting Ensemble
2026-09-28T15:00:05.542529,,30.34,72.43,624.0,41.0,Unoccupied,94.99,Energy-saving mode recommended,Voting Ensemble
2026-09-28T15:01:05.339830,,30.27,71.57,609.0,44.0,Unoccupied,93.74,Energy-saving mode recommended,Voting Ensemble
2026-09-28T15:02:04.862262,,30.09,70.58,609.0,47.0,Unoccupied,93.74,Energy-saving mode recommended,Voting Ensemble
2026-09-28T15:03:04.332725,,30.05,71.47,620.0,50.0,Unoccupied,93.74,Energy-saving mode recommended,Voting Ensemble
2026-09-28T15:04:04.364206,,30.13,72.89,594.0,53.0,Unoccupied,93.74,Energy-saving mode recommended,Voting Ensemble
2026-09-28T15:05:05.475308,,30.2,72.42,600.0,56.0,Unoccupied,93.74,Energy-saving mode recommended,Voting Ensemble
2026-09-28T15:06:10.529441,,30.28,72.38,622.0,58.0,Unoccupied,93.74,Energy-saving mode recommended,Voting Ensemble
2026-09-28T15:07:11.619031,,30.31,72.18,614.0,60.0,Unoccupied,93.74,Energy-saving mode recommended,Voting Ensemble
2026-09-28T15:08:11.368561,,30.28,72.07,611.0,61.0,Unoccupied,93.74,Energy-saving mode recommended,Voting Ensemble
2026-09-28T15:09:26.372935,,30.3,72.28,608.0,62.0,Unoccupied,93.74,Energy-saving mode recommended,Voting Ensemble
2026-09-28T15:10:26.665768,,30.3,72.49,614.0,65.0,Unoccupied,93.74,Energy-saving mode recommended,Voting Ensemble
2026-09-28T15:11:26.961570,,30.3,72.55001,628.0,66.0,Unoccupied,93.74,Energy-saving mode recommended,Voting Ensemble
2026-09-28T15:12:40.608253,,30.31,72.77,626.0,68.0,Unoccupied,93.74,Energy-saving mode recommended,Voting Ensemble
2026-09-28T15:13:41.093255,,30.35,72.41001,620.0,69.0,Unoccupied,93.74,Energy-saving mode recommended,Voting Ensemble
2026-09-28T15:14:57.355483,,30.4,72.75,610.0,69.0,Unoccupied,93.74,Energy-saving mode recommended,Voting Ensemble
2026-09-28T15:15:58.226062,,30.22,72.53,628.0,71.0,Unoccupied,93.74,Energy-saving mode recommended,Voting Ensemble
2026-09-28T15:17:31.634273,190358.0,30.47,72.5,639.0,72.0,Unoccupied,93.74,Energy-saving mode recommended,Voting Ensemble
2026-09-28T15:18:16.351739,190359.0,30.42,72.27,635.0,73.0,Unoccupied,93.74,Energy-saving mode recommended,Voting Ensemble
2026-09-28T15:19:31.186164,190360.0,30.42,72.15,636.0,75.0,Unoccupied,93.74,Energy-saving mode recommended,Voting Ensemble
2026-09-28T15:20:31.784284,190361.0,30.47,72.17,633.0,75.0,Unoccupied,93.74,Energy-saving mode recommended,Voting Ensemble
2026-09-28T15:21:46.701133,190362.0,30.47,71.53,630.0,75.0,Unoccupied,92.49,Energy-saving mode recommended,Voting Ensemble
2026-09-28T15:34:01.593566,190373.0,30.38,71.41,620.0,55.0,Unoccupied,93.74,Energy-saving mode recommended,Voting Ensemble
2026-09-28T15:35:01.473697,190374.0,30.38,71.26,616.0,53.0,Unoccupied,93.74,Energy-saving mode recommended,Voting Ensemble
2026-09-28T15:36:01.583848,190375.0,30.45,71.39,626.0,51.0,Unoccupied,93.74,Energy-saving mode recommended,Voting Ensemble
2026-09-28T15:37:04.597697,190376.0,30.37,71.22,618.0,49.0,Unoccupied,93.74,Energy-saving mode recommended,Voting Ensemble
2026-09-28T15:39:04.648823,190377.0,30.34,70.14,620.0,47.0,Unoccupied,92.49,Energy-saving mode recommended,Voting Ensemble
2026-09-28T15:40:04.785879,190378.0,30.2,70.01,626.0,45.0,Unoccupied,93.74,Energy-saving mode recommended,Voting Ensemble
2026-09-28T15:41:04.736277,190379.0,30.23,71.7,630.0,43.0,Unoccupied,93.74,Energy-saving mode recommended,Voting Ensemble
2026-09-28T15:42:04.826617,190380.0,30.26,71.69,633.0,41.0,Unoccupied,93.74,Energy-saving mode recommended,Voting Ensemble
2026-09-28T15:43:04.906788,190381,30.28,71.56,613.0,38.0,Unoccupied,93.74,Energy-saving mode recommended,Voting Ensemble
2026-09-28T15:44:04.907710,190382,30.31,71.49,623.0,36.0,Unoccupied,93.74,Energy-saving mode recommended,Voting Ensemble
2026-09-28T15:44:49.007840,190383,30.33,71.31,632.0,34.0,Unoccupied,93.74,Energy-saving mode recommended,Voting Ensemble
2026-09-28T15:44:49.008367,190383,30.33,71.31,632.0,34.0,Unoccupied,93.74,Energy-saving mode recommended,Voting Ensemble
2026-09-28T15:45:49.845387,190384,30.33,71.48,623.0,32.0,Unoccupied,93.74,Energy-saving mode recommended,Voting Ensemble
2026-09-28T15:47:04.836325,190385,30.3,71.83,626.0,30.0,Unoccupied,94.99,Energy-saving mode recommended,Voting Ensemble
2026-09-28T15:48:04.159722,190386,30.38,71.63,621.0,29.0,Unoccupied,93.74,Energy-saving mode recommended,Voting Ensemble
2026-09-28T15:49:05.190540,190387,30.3,72.1,629.0,28.0,Unoccupied,97.49,Energy-saving mode recommended,Voting Ensemble
2026-09-28T15:51:04.137884,190388,30.19,72.56,634.0,27.0,Unoccupied,98.74,Energy-saving mode recommended,Voting Ensemble
2026-09-28T15:52:04.142852,190389,30.16,72.48001,627.0,26.0,Unoccupied,97.49,Energy-saving mode recommended,Voting Ensemble
2026-09-28T15:53:04.994829,190390,30.16,73.08,622.0,25.0,Unoccupied,98.74,Energy-saving mode recommended,Voting Ensemble
2026-09-28T15:54:04.527653,190391,30.06,73.12,632.0,24.0,Unoccupied,98.74,Energy-saving mode recommended,Voting Ensemble
2026-09-28T15:55:04.848317,190392,30.09,72.54,625.0,23.0,Unoccupied,98.74,Energy-saving mode recommended,Voting Ensemble
2026-09-28T16:15:53.578689,190410,29.96,71.51,614.0,20.0,Unoccupied,97.49,Energy-saving mode recommended,Voting Ensemble
2026-09-28T16:15:53.579138,190410,29.96,71.51,614.0,20.0,Unoccupied,97.49,Energy-saving mode recommended,Voting Ensemble
2026-09-28T16:15:53.579679,190410,29.96,71.51,614.0,20.0,Unoccupied,97.49,Energy-saving mode recommended,Voting Ensemble
2026-09-28T16:16:05.620469,190411,30.13,71.44001,611.0,20.0,Unoccupied,97.49,Energy-saving mode recommended,Voting Ensemble
2026-09-28T16:17:06.110928,190412,30.09,70.38,610.0,19.0,Unoccupied,97.49,Energy-saving mode recommended,Voting Ensemble
2026-09-28T16:18:21.247511,190413,29.99,71.66,615.0,18.0,Unoccupied,97.49,Energy-saving mode recommended,Voting Ensemble
2026-09-28T16:20:05.358677,190414,30.05,71.74,606.0,18.0,Unoccupied,97.49,Energy-saving mode recommended,Voting Ensemble
2026-09-28T16:21:05.364475,190415,29.89,71.82,620.0,17.0,Unoccupied,98.74,Energy-saving mode recommended,Voting Ensemble
2026-09-28T16:22:06.493102,190416,29.99,71.75,627.0,16.0,Unoccupied,98.74,Energy-saving mode recommended,Voting Ensemble
2026-09-28T16:23:06.722028,190417,30.05,71.63,622.0,16.0,Unoccupied,97.49,Energy-saving mode recommended,Voting Ensemble
2026-09-28T16:24:06.548304,190418,29.96,71.26,621.0,15.0,Unoccupied,97.49,Energy-saving mode recommended,Voting Ensemble
2026-09-28T16:26:06.512723,190419,29.99,72.06,616.0,15.0,Unoccupied,98.74,Energy-saving mode recommended,Voting Ensemble
2026-09-28T16:27:06.584813,190420,29.98,72.03,633.0,14.0,Unoccupied,98.74,Energy-saving mode recommended,Voting Ensemble
2026-09-28T16:28:07.015380,190421,29.93,71.77,652.0,14.0,Unoccupied,98.74,Energy-saving mode recommended,Voting Ensemble
2026-09-28T16:29:06.612114,190422,30.0,72.01,641.0,14.0,Unoccupied,98.74,Energy-saving mode recommended,Voting Ensemble
2026-09-28T16:30:06.601146,190423,29.89,71.83,632.0,14.0,Unoccupied,98.74,Energy-saving mode recommended,Voting Ensemble
2026-09-28T16:33:33.902443,190426,29.88,72.59,621.0,20.0,Unoccupied,98.74,Energy-saving mode recommended,Voting Ensemble
2026-09-28T16:33:33.903235,190426,29.88,72.59,621.0,20.0,Unoccupied,98.74,Energy-saving mode recommended,Voting Ensemble
2026-09-28T16:34:18.641820,190427,29.92,72.14,630.0,20.0,Unoccupied,98.74,Energy-saving mode recommended,Voting Ensemble
2026-09-28T16:35:24.501585,190428,29.71,72.46,616.0,14.0,Unoccupied,98.74,Energy-saving mode recommended,Voting Ensemble
2026-09-28T16:36:33.683561,190429,29.74,72.41001,619.0,20.0,Unoccupied,98.74,Energy-saving mode recommended,Voting Ensemble
2026-09-28T16:37:48.816622,190430,29.74,72.5,608.0,14.0,Unoccupied,98.74,Energy-saving mode recommended,Voting Ensemble
2026-09-28T16:38:48.799716,190431,29.71,72.65,625.0,20.0,Unoccupied,98.74,Energy-saving mode recommended,Voting Ensemble
2026-09-28T16:39:48.841289,190432,29.69,72.46,633.0,20.0,Unoccupied,98.74,Energy-saving mode recommended,Voting Ensemble
2026-09-28T16:41:04.476284,190433,29.79,72.57,634.0,20.0,Unoccupied,98.74,Energy-saving mode recommended,Voting Ensemble
2026-09-28T16:42:05.488382,190434,29.71,72.69001,635.0,20.0,Unoccupied,98.74,Energy-saving mode recommended,Voting Ensemble
2026-09-28T16:44:06.524280,190435,29.76,72.48001,632.0,20.0,Unoccupied,98.74,Energy-saving mode recommended,Voting Ensemble
2026-09-28T16:45:06.537846,190436,29.71,72.17,630.0,14.0,Unoccupied,98.74,Energy-saving mode recommended,Voting Ensemble
2026-09-28T16:46:06.443710,190437,29.74,73.13,643.0,20.0,Unoccupied,98.74,Energy-saving mode recommended,Voting Ensemble
2026-09-28T19:51:02.265943,190606,29.15,70.85,668.0,0.0,Unoccupied,98.74,Energy-saving mode recommended,Voting Ensemble
2026-09-28T19:51:55.970444,190607,29.08,70.91001,665.0,0.0,Unoccupied,98.74,Energy-saving mode recommended,Voting Ensemble
2026-09-28T19:52:56.278600,190608,29.06,71.91,664.0,0.0,Unoccupied,98.74,Energy-saving mode recommended,Voting Ensemble
2026-09-28T19:53:57.775845,190609,29.12,71.69,656.0,0.0,Unoccupied,98.74,Energy-saving mode recommended,Voting Ensemble
2026-09-28T19:54:59.338052,190610,29.03,71.81,656.0,0.0,Unoccupied,98.74,Energy-saving mode recommended,Voting Ensemble
